customer_id,signup_date,plan_initial,country,acquisition_channel
CUST-000001,2022-01-01,Basic,US,Organic
CUST-000002,2022-01-01,Enterprise,US,Organic
CUST-000003,2022-01-01,Pro,Germany,Sales Team
CUST-000004,2022-01-01,Basic,UK,Organic
CUST-000005,2022-01-01,Basic,Germany,Organic
CUST-000006,2022-01-01,Basic,UK,Referral
CUST-000007,2022-01-01,Basic,UK,Paid Ads
CUST-000008,2022-01-01,Pro,Germany,Referral
CUST-000009,2022-01-01,Pro,US,Organic
CUST-000010,2022-01-01,Pro,US,Paid Ads
CUST-000011,2022-01-01,Basic,US,Organic
CUST-000012,2022-01-01,Enterprise,Germany,Organic
CUST-000013,2022-01-01,Pro,Germany,Sales Team
CUST-000014,2022-01-01,Basic,US,Organic
CUST-000015,2022-01-01,Basic,UK,Paid Ads
CUST-000016,2022-01-01,Basic,Germany,Paid Ads
CUST-000017,2022-01-01,Basic,US,Organic
CUST-000018,2022-01-01,Basic,US,Referral
CUST-000019,2022-01-01,Basic,Germany,Organic
CUST-000020,2022-01-01,Basic,US,Paid Ads
CUST-000021,2022-01-01,Pro,UK,Sales Team
CUST-000022,2022-01-01,Basic,US,Paid Ads
CUST-000023,2022-01-01,Basic,Germany,Sales Team
CUST-000024,2022-01-01,Basic,Germany,Organic
CUST-000025,2022-01-01,Basic,Germany,Paid Ads
CUST-000026,2022-01-01,Pro,US,Organic
CUST-000027,2022-01-01,Basic,Germany,Referral
CUST-000028,2022-01-01,Basic,Germany,Sales Team
CUST-000029,2022-01-01,Basic,US,Organic
CUST-000030,2022-01-01,Basic,Germany,Paid Ads
CUST-000031,2022-01-01,Pro,US,Organic
CUST-000032,2022-01-01,Basic,US,Paid Ads
CUST-000033,2022-01-01,Basic,US,Paid Ads
CUST-000034,2022-01-01,Enterprise,US,Sales Team
CUST-000035,2022-01-01,Enterprise,US,Paid Ads
CUST-000036,2022-01-01,Pro,UK,Organic
CUST-000037,2022-01-01,Basic,US,Organic
CUST-000038,2022-01-01,Basic,UK,Organic
CUST-000039,2022-01-01,Pro,US,Organic
CUST-000040,2022-01-01,Basic,US,Organic
CUST-000041,2022-01-01,Basic,US,Referral
CUST-000042,2022-01-01,Basic,UK,Paid Ads
CUST-000043,2022-01-01,Basic,US,Paid Ads
CUST-000044,2022-01-01,Enterprise,UK,Organic
CUST-000045,2022-01-01,Basic,Germany,Referral
CUST-000046,2022-01-01,Pro,UK,Referral
CUST-000047,2022-01-01,Basic,US,Organic
CUST-000048,2022-01-01,Basic,US,Referral
CUST-000049,2022-01-01,Basic,Germany,Paid Ads
CUST-000050,2022-01-01,Basic,US,Organic
CUST-000051,2022-01-01,Enterprise,Germany,Paid Ads
CUST-000052,2022-01-01,Pro,US,Paid Ads
CUST-000053,2022-01-01,Enterprise,Germany,Organic
CUST-000054,2022-01-01,Pro,UK,Sales Team
CUST-000055,2022-01-01,Basic,Germany,Referral
CUST-000056,2022-01-01,Enterprise,US,Paid Ads
CUST-000057,2022-01-01,Basic,UK,Paid Ads
CUST-000058,2022-01-01,Basic,US,Paid Ads
CUST-000059,2022-01-01,Basic,US,Paid Ads
CUST-000060,2022-01-01,Basic,UK,Paid Ads
CUST-000061,2022-01-01,Basic,Germany,Organic
CUST-000062,2022-01-01,Basic,Germany,Paid Ads
CUST-000063,2022-01-01,Pro,UK,Referral
CUST-000064,2022-01-01,Basic,US,Paid Ads
CUST-000065,2022-01-01,Basic,US,Organic
CUST-000066,2022-01-01,Basic,UK,Referral
CUST-000067,2022-01-01,Basic,US,Organic
CUST-000068,2022-01-01,Pro,US,Organic
CUST-000069,2022-01-01,Basic,US,Organic
CUST-000070,2022-01-01,Enterprise,US,Organic
CUST-000071,2022-01-01,Pro,US,Referral
CUST-000072,2022-01-01,Basic,US,Paid Ads
CUST-000073,2022-01-01,Basic,US,Organic
CUST-000074,2022-01-01,Pro,US,Referral
CUST-000075,2022-01-01,Pro,Germany,Referral
CUST-000076,2022-01-01,Pro,US,Referral
CUST-000077,2022-01-01,Pro,US,Organic
CUST-000078,2022-01-01,Basic,UK,Paid Ads
CUST-000079,2022-01-01,Basic,US,Sales Team
CUST-000080,2022-01-01,Basic,Germany,Referral
CUST-000081,2022-01-01,Pro,UK,Organic
CUST-000082,2022-01-01,Pro,US,Organic
CUST-000083,2022-01-01,Basic,US,Paid Ads
CUST-000084,2022-01-01,Basic,Germany,Sales Team
CUST-000085,2022-01-01,Basic,Germany,Paid Ads
CUST-000086,2022-01-01,Basic,US,Paid Ads
CUST-000087,2022-01-01,Pro,UK,Organic
CUST-000088,2022-01-01,Pro,US,Paid Ads
CUST-000089,2022-01-01,Pro,Germany,Referral
CUST-000090,2022-01-01,Basic,US,Organic
CUST-000091,2022-01-01,Basic,Germany,Referral
CUST-000092,2022-01-01,Pro,UK,Sales Team
CUST-000093,2022-01-01,Pro,UK,Organic
CUST-000094,2022-01-01,Basic,US,Paid Ads
CUST-000095,2022-01-01,Pro,US,Organic
CUST-000096,2022-01-01,Basic,US,Referral
CUST-000097,2022-01-01,Basic,US,Paid Ads
CUST-000098,2022-01-01,Basic,US,Paid Ads
CUST-000099,2022-01-01,Basic,UK,Referral
CUST-000100,2022-01-01,Basic,US,Organic
CUST-000101,2022-01-01,Basic,US,Sales Team
CUST-000102,2022-01-01,Pro,Germany,Paid Ads
CUST-000103,2022-01-01,Basic,Germany,Organic
CUST-000104,2022-01-01,Basic,Germany,Paid Ads
CUST-000105,2022-01-01,Enterprise,Germany,Referral
CUST-000106,2022-01-01,Basic,US,Organic
CUST-000107,2022-01-01,Basic,US,Referral
CUST-000108,2022-01-01,Pro,UK,Sales Team
CUST-000109,2022-01-01,Basic,UK,Organic
CUST-000110,2022-01-01,Basic,US,Sales Team
CUST-000111,2022-01-01,Basic,Germany,Organic
CUST-000112,2022-01-01,Basic,US,Organic
CUST-000113,2022-01-01,Enterprise,US,Organic
CUST-000114,2022-01-01,Pro,US,Referral
CUST-000115,2022-01-01,Pro,US,Paid Ads
CUST-000116,2022-01-01,Pro,US,Organic
CUST-000117,2022-01-01,Pro,US,Paid Ads
CUST-000118,2022-01-01,Basic,Germany,Paid Ads
CUST-000119,2022-01-01,Pro,US,Organic
CUST-000120,2022-01-01,Basic,US,Referral
CUST-000121,2022-01-01,Pro,Germany,Referral
CUST-000122,2022-01-01,Pro,Germany,Paid Ads
CUST-000123,2022-01-01,Basic,Germany,Sales Team
CUST-000124,2022-01-01,Basic,Germany,Paid Ads
CUST-000125,2022-01-01,Basic,UK,Sales Team
CUST-000126,2022-01-01,Basic,US,Paid Ads
CUST-000127,2022-01-01,Pro,US,Paid Ads
CUST-000128,2022-01-01,Pro,US,Organic
CUST-000129,2022-01-01,Basic,US,Referral
CUST-000130,2022-01-01,Basic,US,Paid Ads
CUST-000131,2022-01-01,Basic,UK,Organic
CUST-000132,2022-01-01,Basic,US,Organic
CUST-000133,2022-01-01,Basic,US,Paid Ads
CUST-000134,2022-01-01,Basic,US,Paid Ads
CUST-000135,2022-01-01,Enterprise,UK,Referral
CUST-000136,2022-01-01,Basic,US,Referral
CUST-000137,2022-01-01,Basic,Germany,Organic
CUST-000138,2022-01-01,Pro,US,Referral
CUST-000139,2022-01-01,Basic,US,Organic
CUST-000140,2022-01-01,Enterprise,US,Referral
CUST-000141,2022-01-01,Enterprise,Germany,Referral
CUST-000142,2022-01-01,Basic,US,Paid Ads
CUST-000143,2022-01-01,Basic,UK,Referral
CUST-000144,2022-01-01,Basic,US,Organic
CUST-000145,2022-01-01,Basic,US,Paid Ads
CUST-000146,2022-01-01,Basic,Germany,Referral
CUST-000147,2022-01-01,Pro,UK,Paid Ads
CUST-000148,2022-01-01,Basic,UK,Organic
CUST-000149,2022-01-01,Basic,Germany,Paid Ads
CUST-000150,2022-01-01,Basic,Germany,Referral
CUST-000151,2022-01-01,Enterprise,UK,Organic
CUST-000152,2022-01-01,Basic,Germany,Organic
CUST-000153,2022-01-01,Basic,UK,Referral
CUST-000154,2022-01-01,Basic,UK,Referral
CUST-000155,2022-01-01,Enterprise,UK,Organic
CUST-000156,2022-01-01,Basic,UK,Organic
CUST-000157,2022-01-01,Pro,US,Organic
CUST-000158,2022-01-01,Pro,Germany,Organic
CUST-000159,2022-01-01,Basic,Germany,Paid Ads
CUST-000160,2022-01-01,Pro,US,Referral
CUST-000161,2022-01-01,Basic,Germany,Paid Ads
CUST-000162,2022-01-01,Pro,US,Paid Ads
CUST-000163,2022-01-01,Pro,US,Organic
CUST-000164,2022-01-01,Basic,UK,Referral
CUST-000165,2022-01-01,Basic,US,Paid Ads
CUST-000166,2022-01-01,Pro,Germany,Sales Team
CUST-000167,2022-01-01,Basic,Germany,Paid Ads
CUST-000168,2022-01-01,Basic,US,Organic
CUST-000169,2022-01-01,Basic,US,Paid Ads
CUST-000170,2022-01-01,Basic,US,Organic
CUST-000171,2022-01-01,Pro,UK,Paid Ads
CUST-000172,2022-01-01,Basic,Germany,Organic
CUST-000173,2022-01-01,Basic,UK,Organic
CUST-000174,2022-01-01,Basic,US,Referral
CUST-000175,2022-01-01,Pro,UK,Organic
CUST-000176,2022-01-01,Basic,US,Referral
CUST-000177,2022-01-01,Pro,UK,Organic
CUST-000178,2022-01-01,Basic,US,Paid Ads
CUST-000179,2022-01-01,Enterprise,UK,Paid Ads
CUST-000180,2022-01-01,Basic,US,Paid Ads
CUST-000181,2022-01-01,Basic,Germany,Organic
CUST-000182,2022-01-01,Basic,US,Organic
CUST-000183,2022-01-01,Enterprise,UK,Organic
CUST-000184,2022-01-01,Pro,Germany,Organic
CUST-000185,2022-01-01,Basic,US,Paid Ads
CUST-000186,2022-01-01,Pro,Germany,Sales Team
CUST-000187,2022-01-01,Pro,UK,Referral
CUST-000188,2022-01-01,Basic,US,Referral
CUST-000189,2022-01-01,Basic,US,Referral
CUST-000190,2022-01-01,Basic,UK,Paid Ads
CUST-000191,2022-01-01,Basic,US,Organic
CUST-000192,2022-01-01,Pro,US,Sales Team
CUST-000193,2022-01-01,Enterprise,US,Paid Ads
CUST-000194,2022-01-01,Pro,UK,Paid Ads
CUST-000195,2022-01-01,Basic,US,Organic
CUST-000196,2022-01-01,Basic,Germany,Paid Ads
CUST-000197,2022-01-01,Pro,Germany,Paid Ads
CUST-000198,2022-01-01,Pro,Germany,Referral
CUST-000199,2022-01-01,Pro,UK,Paid Ads
CUST-000200,2022-01-01,Pro,US,Organic
CUST-000201,2022-01-01,Pro,UK,Sales Team
CUST-000202,2022-01-01,Basic,US,Organic
CUST-000203,2022-01-01,Basic,US,Paid Ads
CUST-000204,2022-01-01,Pro,US,Organic
CUST-000205,2022-01-01,Pro,US,Referral
CUST-000206,2022-01-01,Basic,UK,Sales Team
CUST-000207,2022-01-01,Basic,UK,Organic
CUST-000208,2022-01-01,Pro,US,Referral
CUST-000209,2022-01-01,Basic,US,Organic
CUST-000210,2022-01-01,Basic,Germany,Sales Team
CUST-000211,2022-01-01,Basic,US,Referral
CUST-000212,2022-01-01,Pro,US,Referral
CUST-000213,2022-01-01,Pro,US,Organic
CUST-000214,2022-01-01,Basic,UK,Sales Team
CUST-000215,2022-01-01,Pro,UK,Referral
CUST-000216,2022-01-01,Basic,US,Organic
CUST-000217,2022-01-01,Basic,US,Referral
CUST-000218,2022-01-01,Pro,UK,Organic
CUST-000219,2022-01-01,Pro,UK,Referral
CUST-000220,2022-01-01,Pro,US,Organic
CUST-000221,2022-01-01,Pro,Germany,Referral
CUST-000222,2022-01-01,Basic,US,Paid Ads
CUST-000223,2022-01-01,Basic,US,Organic
CUST-000224,2022-01-01,Basic,Germany,Organic
CUST-000225,2022-01-01,Basic,US,Organic
CUST-000226,2022-01-01,Basic,UK,Paid Ads
CUST-000227,2022-01-01,Enterprise,US,Organic
CUST-000228,2022-01-01,Basic,US,Paid Ads
CUST-000229,2022-01-01,Pro,Germany,Organic
CUST-000230,2022-01-01,Pro,US,Organic
CUST-000231,2022-01-01,Pro,Germany,Referral
CUST-000232,2022-01-01,Basic,US,Organic
CUST-000233,2022-01-01,Basic,US,Sales Team
CUST-000234,2022-01-01,Basic,US,Referral
CUST-000235,2022-01-01,Basic,UK,Paid Ads
CUST-000236,2022-01-01,Pro,US,Paid Ads
CUST-000237,2022-01-01,Basic,Germany,Referral
CUST-000238,2022-01-01,Basic,US,Organic
CUST-000239,2022-01-01,Pro,Germany,Organic
CUST-000240,2022-01-01,Basic,US,Organic
CUST-000241,2022-01-01,Enterprise,Germany,Referral
CUST-000242,2022-01-01,Enterprise,UK,Organic
CUST-000243,2022-01-01,Enterprise,UK,Paid Ads
CUST-000244,2022-01-01,Basic,Germany,Sales Team
CUST-000245,2022-01-01,Basic,UK,Referral
CUST-000246,2022-01-01,Enterprise,UK,Paid Ads
CUST-000247,2022-01-01,Basic,US,Organic
CUST-000248,2022-01-01,Enterprise,US,Referral
CUST-000249,2022-01-01,Enterprise,Germany,Paid Ads
CUST-000250,2022-01-01,Pro,UK,Organic
CUST-000251,2022-01-01,Basic,UK,Organic
CUST-000252,2022-01-01,Basic,US,Sales Team
CUST-000253,2022-01-01,Pro,US,Paid Ads
CUST-000254,2022-01-01,Basic,US,Referral
CUST-000255,2022-01-01,Basic,UK,Referral
CUST-000256,2022-01-01,Basic,US,Paid Ads
CUST-000257,2022-01-01,Enterprise,US,Paid Ads
CUST-000258,2022-01-01,Pro,US,Paid Ads
CUST-000259,2022-01-01,Basic,US,Organic
CUST-000260,2022-01-01,Basic,US,Paid Ads
CUST-000261,2022-01-01,Pro,US,Referral
CUST-000262,2022-01-01,Enterprise,UK,Paid Ads
CUST-000263,2022-01-01,Basic,US,Referral
CUST-000264,2022-01-01,Basic,US,Paid Ads
CUST-000265,2022-01-01,Pro,US,Paid Ads
CUST-000266,2022-01-01,Pro,US,Paid Ads
CUST-000267,2022-01-01,Pro,US,Paid Ads
CUST-000268,2022-01-01,Pro,US,Referral
CUST-000269,2022-01-01,Basic,UK,Organic
CUST-000270,2022-01-01,Basic,US,Paid Ads
CUST-000271,2022-01-01,Pro,UK,Organic
CUST-000272,2022-01-01,Pro,Germany,Organic
CUST-000273,2022-01-01,Pro,UK,Paid Ads
CUST-000274,2022-01-01,Enterprise,US,Paid Ads
CUST-000275,2022-01-01,Basic,US,Sales Team
CUST-000276,2022-01-01,Basic,US,Paid Ads
CUST-000277,2022-01-01,Pro,US,Referral
CUST-000278,2022-01-01,Pro,Germany,Paid Ads
CUST-000279,2022-01-01,Pro,US,Paid Ads
CUST-000280,2022-01-01,Pro,US,Organic
CUST-000281,2022-01-01,Pro,UK,Organic
CUST-000282,2022-01-01,Basic,UK,Organic
CUST-000283,2022-01-01,Basic,US,Paid Ads
CUST-000284,2022-01-01,Basic,US,Organic
CUST-000285,2022-01-01,Basic,US,Organic
CUST-000286,2022-01-01,Basic,US,Organic
CUST-000287,2022-01-01,Basic,US,Sales Team
CUST-000288,2022-01-01,Basic,US,Organic
CUST-000289,2022-01-01,Basic,US,Paid Ads
CUST-000290,2022-01-01,Basic,US,Organic
CUST-000291,2022-01-01,Basic,US,Paid Ads
CUST-000292,2022-01-01,Basic,US,Organic
CUST-000293,2022-01-01,Pro,US,Organic
CUST-000294,2022-01-01,Basic,UK,Paid Ads
CUST-000295,2022-01-01,Basic,Germany,Organic
CUST-000296,2022-01-01,Basic,US,Organic
CUST-000297,2022-01-01,Pro,US,Organic
CUST-000298,2022-01-01,Basic,US,Organic
CUST-000299,2022-01-01,Pro,UK,Organic
CUST-000300,2022-01-01,Basic,UK,Organic
CUST-000301,2022-01-01,Basic,US,Referral
CUST-000302,2022-01-01,Basic,Germany,Paid Ads
CUST-000303,2022-01-01,Basic,US,Paid Ads
CUST-000304,2022-01-01,Pro,US,Organic
CUST-000305,2022-01-01,Pro,UK,Sales Team
CUST-000306,2022-01-01,Enterprise,Germany,Organic
CUST-000307,2022-01-01,Basic,UK,Organic
CUST-000308,2022-01-01,Basic,Germany,Paid Ads
CUST-000309,2022-01-01,Pro,US,Organic
CUST-000310,2022-01-01,Basic,Germany,Organic
CUST-000311,2022-01-01,Basic,US,Paid Ads
CUST-000312,2022-01-01,Basic,Germany,Referral
CUST-000313,2022-01-01,Basic,US,Paid Ads
CUST-000314,2022-01-01,Enterprise,Germany,Referral
CUST-000315,2022-01-01,Pro,US,Sales Team
CUST-000316,2022-01-01,Pro,UK,Organic
CUST-000317,2022-01-01,Basic,US,Organic
CUST-000318,2022-01-01,Basic,UK,Organic
CUST-000319,2022-01-01,Basic,US,Paid Ads
CUST-000320,2022-01-01,Basic,US,Paid Ads
CUST-000321,2022-01-01,Basic,US,Sales Team
CUST-000322,2022-01-01,Pro,US,Referral
CUST-000323,2022-01-01,Pro,Germany,Paid Ads
CUST-000324,2022-01-01,Basic,US,Organic
CUST-000325,2022-01-01,Enterprise,Germany,Referral
CUST-000326,2022-01-01,Pro,US,Sales Team
CUST-000327,2022-01-01,Basic,US,Referral
CUST-000328,2022-01-01,Pro,UK,Organic
CUST-000329,2022-01-01,Basic,UK,Paid Ads
CUST-000330,2022-01-01,Basic,US,Organic
CUST-000331,2022-01-01,Basic,US,Organic
CUST-000332,2022-01-01,Pro,UK,Organic
CUST-000333,2022-01-01,Basic,US,Paid Ads
CUST-000334,2022-01-01,Basic,Germany,Paid Ads
CUST-000335,2022-01-01,Basic,Germany,Organic
CUST-000336,2022-01-01,Basic,UK,Organic
CUST-000337,2022-01-01,Pro,US,Paid Ads
CUST-000338,2022-01-01,Pro,UK,Organic
CUST-000339,2022-01-01,Basic,US,Organic
CUST-000340,2022-01-01,Basic,US,Paid Ads
CUST-000341,2022-01-01,Basic,US,Referral
CUST-000342,2022-01-01,Basic,US,Organic
CUST-000343,2022-01-01,Basic,Germany,Organic
CUST-000344,2022-01-01,Basic,UK,Organic
CUST-000345,2022-01-01,Basic,UK,Sales Team
CUST-000346,2022-01-01,Pro,US,Paid Ads
CUST-000347,2022-01-01,Pro,US,Paid Ads
CUST-000348,2022-01-01,Basic,US,Organic
CUST-000349,2022-01-01,Basic,Germany,Paid Ads
CUST-000350,2022-01-01,Pro,US,Organic
CUST-000351,2022-01-01,Basic,Germany,Paid Ads
CUST-000352,2022-01-01,Pro,US,Sales Team
CUST-000353,2022-01-01,Pro,US,Paid Ads
CUST-000354,2022-01-01,Basic,UK,Referral
CUST-000355,2022-01-01,Basic,US,Referral
CUST-000356,2022-01-01,Pro,Germany,Organic
CUST-000357,2022-01-01,Basic,Germany,Sales Team
CUST-000358,2022-01-01,Basic,US,Organic
CUST-000359,2022-01-01,Enterprise,US,Paid Ads
CUST-000360,2022-01-01,Basic,US,Organic
CUST-000361,2022-01-01,Basic,Germany,Organic
CUST-000362,2022-01-01,Pro,US,Paid Ads
CUST-000363,2022-01-01,Basic,UK,Organic
CUST-000364,2022-01-01,Basic,UK,Paid Ads
CUST-000365,2022-01-01,Enterprise,UK,Paid Ads
CUST-000366,2022-01-01,Basic,US,Organic
CUST-000367,2022-01-01,Enterprise,UK,Organic
CUST-000368,2022-01-01,Enterprise,Germany,Paid Ads
CUST-000369,2022-01-01,Basic,US,Organic
CUST-000370,2022-01-01,Basic,US,Referral
CUST-000371,2022-01-01,Basic,Germany,Paid Ads
CUST-000372,2022-01-01,Basic,US,Referral
CUST-000373,2022-01-01,Basic,Germany,Paid Ads
CUST-000374,2022-01-01,Pro,US,Paid Ads
CUST-000375,2022-01-01,Basic,US,Paid Ads
CUST-000376,2022-01-01,Basic,Germany,Organic
CUST-000377,2022-01-01,Pro,US,Organic
CUST-000378,2022-01-01,Basic,US,Referral
CUST-000379,2022-01-01,Pro,US,Paid Ads
CUST-000380,2022-01-01,Basic,US,Referral
CUST-000381,2022-01-01,Basic,US,Referral
CUST-000382,2022-01-01,Pro,US,Referral
CUST-000383,2022-01-01,Pro,Germany,Sales Team
CUST-000384,2022-01-01,Pro,US,Paid Ads
CUST-000385,2022-01-01,Pro,UK,Organic
CUST-000386,2022-01-01,Pro,US,Paid Ads
CUST-000387,2022-01-01,Basic,UK,Organic
CUST-000388,2022-01-01,Basic,US,Paid Ads
CUST-000389,2022-01-01,Pro,Germany,Referral
CUST-000390,2022-01-01,Pro,US,Paid Ads
CUST-000391,2022-01-01,Enterprise,US,Organic
CUST-000392,2022-01-01,Basic,US,Organic
CUST-000393,2022-01-01,Basic,US,Paid Ads
CUST-000394,2022-01-01,Pro,US,Organic
CUST-000395,2022-01-01,Basic,US,Referral
CUST-000396,2022-01-01,Enterprise,Germany,Organic
CUST-000397,2022-01-01,Pro,US,Organic
CUST-000398,2022-01-01,Basic,US,Organic
CUST-000399,2022-01-01,Pro,UK,Paid Ads
CUST-000400,2022-01-01,Pro,UK,Paid Ads
CUST-000401,2022-01-01,Basic,US,Organic
CUST-000402,2022-01-01,Enterprise,US,Organic
CUST-000403,2022-01-01,Basic,US,Paid Ads
CUST-000404,2022-01-01,Pro,UK,Organic
CUST-000405,2022-01-01,Basic,UK,Paid Ads
CUST-000406,2022-01-01,Pro,US,Paid Ads
CUST-000407,2022-01-01,Basic,Germany,Organic
CUST-000408,2022-01-01,Basic,Germany,Organic
CUST-000409,2022-01-01,Enterprise,US,Sales Team
CUST-000410,2022-01-01,Basic,Germany,Paid Ads
CUST-000411,2022-01-01,Basic,US,Paid Ads
CUST-000412,2022-01-01,Enterprise,US,Organic
CUST-000413,2022-01-01,Enterprise,US,Paid Ads
CUST-000414,2022-01-01,Basic,US,Organic
CUST-000415,2022-01-01,Pro,US,Paid Ads
CUST-000416,2022-01-01,Basic,Germany,Sales Team
CUST-000417,2022-01-01,Basic,US,Organic
CUST-000418,2022-01-01,Basic,US,Organic
CUST-000419,2022-01-01,Pro,US,Organic
CUST-000420,2022-01-01,Pro,Germany,Organic
CUST-000421,2022-01-01,Pro,US,Organic
CUST-000422,2022-01-01,Pro,US,Organic
CUST-000423,2022-01-01,Basic,US,Referral
CUST-000424,2022-01-01,Basic,US,Paid Ads
CUST-000425,2022-01-01,Basic,Germany,Organic
CUST-000426,2022-01-01,Basic,Germany,Sales Team
CUST-000427,2022-01-01,Basic,US,Organic
CUST-000428,2022-01-01,Pro,Germany,Sales Team
CUST-000429,2022-01-01,Basic,UK,Organic
CUST-000430,2022-01-01,Basic,Germany,Referral
CUST-000431,2022-01-01,Basic,US,Paid Ads
CUST-000432,2022-01-01,Pro,US,Referral
CUST-000433,2022-01-01,Pro,US,Sales Team
CUST-000434,2022-01-01,Basic,UK,Organic
CUST-000435,2022-01-01,Basic,US,Sales Team
CUST-000436,2022-01-01,Pro,US,Organic
CUST-000437,2022-01-01,Basic,US,Organic
CUST-000438,2022-01-01,Pro,UK,Organic
CUST-000439,2022-01-01,Pro,US,Paid Ads
CUST-000440,2022-01-01,Basic,UK,Organic
CUST-000441,2022-01-01,Basic,Germany,Paid Ads
CUST-000442,2022-01-01,Enterprise,US,Paid Ads
CUST-000443,2022-01-01,Basic,UK,Referral
CUST-000444,2022-01-01,Basic,US,Referral
CUST-000445,2022-01-01,Pro,Germany,Paid Ads
CUST-000446,2022-01-01,Enterprise,US,Organic
CUST-000447,2022-01-01,Enterprise,UK,Organic
CUST-000448,2022-01-01,Pro,Germany,Organic
CUST-000449,2022-01-01,Basic,Germany,Organic
CUST-000450,2022-01-01,Basic,UK,Organic
CUST-000451,2022-01-01,Pro,US,Organic
CUST-000452,2022-01-01,Basic,UK,Sales Team
CUST-000453,2022-01-01,Basic,Germany,Paid Ads
CUST-000454,2022-01-01,Enterprise,US,Organic
CUST-000455,2022-01-01,Basic,US,Paid Ads
CUST-000456,2022-01-01,Basic,Germany,Organic
CUST-000457,2022-01-01,Basic,UK,Paid Ads
CUST-000458,2022-01-01,Basic,UK,Paid Ads
CUST-000459,2022-01-01,Basic,US,Paid Ads
CUST-000460,2022-01-01,Basic,UK,Paid Ads
CUST-000461,2022-01-01,Basic,US,Sales Team
CUST-000462,2022-01-01,Pro,UK,Referral
CUST-000463,2022-01-01,Pro,US,Paid Ads
CUST-000464,2022-01-01,Basic,UK,Paid Ads
CUST-000465,2022-01-01,Enterprise,Germany,Paid Ads
CUST-000466,2022-01-01,Basic,US,Organic
CUST-000467,2022-01-01,Basic,Germany,Organic
CUST-000468,2022-01-01,Pro,US,Organic
CUST-000469,2022-01-01,Basic,Germany,Paid Ads
CUST-000470,2022-01-01,Enterprise,UK,Paid Ads
CUST-000471,2022-01-01,Basic,US,Organic
CUST-000472,2022-01-01,Enterprise,UK,Sales Team
CUST-000473,2022-01-01,Basic,Germany,Sales Team
CUST-000474,2022-01-01,Pro,US,Referral
CUST-000475,2022-01-01,Basic,US,Paid Ads
CUST-000476,2022-01-01,Enterprise,UK,Referral
CUST-000477,2022-01-01,Basic,Germany,Organic
CUST-000478,2022-01-01,Basic,UK,Referral
CUST-000479,2022-01-01,Enterprise,UK,Organic
CUST-000480,2022-01-01,Basic,US,Referral
CUST-000481,2022-01-01,Pro,Germany,Organic
CUST-000482,2022-01-01,Pro,US,Referral
CUST-000483,2022-01-01,Basic,US,Sales Team
CUST-000484,2022-01-01,Pro,US,Organic
CUST-000485,2022-01-01,Basic,US,Paid Ads
CUST-000486,2022-01-01,Enterprise,US,Sales Team
CUST-000487,2022-01-01,Basic,US,Paid Ads
CUST-000488,2022-01-01,Basic,UK,Referral
CUST-000489,2022-01-01,Enterprise,US,Paid Ads
CUST-000490,2022-01-01,Pro,US,Organic
CUST-000491,2022-01-01,Basic,US,Organic
CUST-000492,2022-01-01,Pro,US,Organic
CUST-000493,2022-01-01,Basic,US,Referral
CUST-000494,2022-01-01,Basic,US,Organic
CUST-000495,2022-01-01,Basic,UK,Paid Ads
CUST-000496,2022-01-01,Basic,UK,Paid Ads
CUST-000497,2022-01-01,Basic,UK,Paid Ads
CUST-000498,2022-01-01,Basic,US,Referral
CUST-000499,2022-01-01,Enterprise,US,Sales Team
CUST-000500,2022-01-01,Enterprise,Germany,Paid Ads
CUST-000501,2022-01-01,Pro,US,Referral
CUST-000502,2022-01-01,Basic,US,Referral
CUST-000503,2022-01-01,Basic,US,Paid Ads
CUST-000504,2022-01-01,Pro,US,Sales Team
CUST-000505,2022-01-01,Pro,US,Organic
CUST-000506,2022-01-01,Basic,US,Organic
CUST-000507,2022-01-01,Enterprise,US,Referral
CUST-000508,2022-01-01,Pro,US,Paid Ads
CUST-000509,2022-01-01,Enterprise,UK,Referral
CUST-000510,2022-01-01,Pro,UK,Referral
CUST-000511,2022-01-01,Pro,Germany,Organic
CUST-000512,2022-01-01,Basic,UK,Referral
CUST-000513,2022-01-01,Enterprise,Germany,Paid Ads
CUST-000514,2022-01-01,Pro,US,Paid Ads
CUST-000515,2022-01-01,Basic,US,Paid Ads
CUST-000516,2022-01-01,Basic,US,Sales Team
CUST-000517,2022-01-01,Basic,UK,Organic
CUST-000518,2022-01-01,Pro,Germany,Paid Ads
CUST-000519,2022-01-01,Enterprise,US,Paid Ads
CUST-000520,2022-01-01,Basic,Germany,Referral
CUST-000521,2022-01-01,Basic,US,Paid Ads
CUST-000522,2022-01-01,Basic,Germany,Organic
CUST-000523,2022-01-01,Enterprise,US,Organic
CUST-000524,2022-01-01,Pro,US,Organic
CUST-000525,2022-01-01,Pro,US,Referral
CUST-000526,2022-01-01,Basic,US,Organic
CUST-000527,2022-01-01,Basic,US,Organic
CUST-000528,2022-01-01,Basic,US,Sales Team
CUST-000529,2022-01-01,Basic,Germany,Organic
CUST-000530,2022-01-01,Pro,US,Sales Team
CUST-000531,2022-01-01,Pro,US,Paid Ads
CUST-000532,2022-01-01,Enterprise,UK,Referral
CUST-000533,2022-01-01,Enterprise,UK,Organic
CUST-000534,2022-01-01,Basic,US,Organic
CUST-000535,2022-01-01,Pro,US,Referral
CUST-000536,2022-01-01,Enterprise,US,Referral
CUST-000537,2022-01-01,Pro,US,Referral
CUST-000538,2022-01-01,Basic,UK,Organic
CUST-000539,2022-01-01,Basic,US,Referral
CUST-000540,2022-01-01,Basic,US,Referral
CUST-000541,2022-01-01,Enterprise,UK,Paid Ads
CUST-000542,2022-01-01,Pro,US,Referral
CUST-000543,2022-01-01,Basic,US,Referral
CUST-000544,2022-01-01,Pro,US,Paid Ads
CUST-000545,2022-01-01,Pro,Germany,Organic
CUST-000546,2022-01-01,Basic,US,Paid Ads
CUST-000547,2022-01-01,Basic,Germany,Organic
CUST-000548,2022-01-01,Pro,US,Paid Ads
CUST-000549,2022-01-01,Basic,US,Paid Ads
CUST-000550,2022-01-01,Pro,UK,Organic
CUST-000551,2022-01-01,Basic,Germany,Organic
CUST-000552,2022-01-01,Pro,UK,Organic
CUST-000553,2022-01-01,Basic,Germany,Referral
CUST-000554,2022-01-01,Basic,Germany,Sales Team
CUST-000555,2022-01-01,Pro,US,Organic
CUST-000556,2022-01-01,Basic,US,Sales Team
CUST-000557,2022-01-01,Basic,UK,Paid Ads
CUST-000558,2022-01-01,Basic,US,Organic
CUST-000559,2022-01-01,Pro,Germany,Organic
CUST-000560,2022-01-01,Pro,Germany,Paid Ads
CUST-000561,2022-01-01,Pro,US,Referral
CUST-000562,2022-01-01,Basic,US,Referral
CUST-000563,2022-01-01,Basic,UK,Organic
CUST-000564,2022-01-01,Basic,US,Organic
CUST-000565,2022-01-01,Basic,Germany,Paid Ads
CUST-000566,2022-01-01,Basic,US,Organic
CUST-000567,2022-01-01,Basic,UK,Organic
CUST-000568,2022-01-01,Basic,US,Organic
CUST-000569,2022-01-01,Enterprise,UK,Referral
CUST-000570,2022-01-01,Basic,US,Sales Team
CUST-000571,2022-01-01,Basic,US,Paid Ads
CUST-000572,2022-01-01,Pro,US,Sales Team
CUST-000573,2022-01-01,Basic,UK,Organic
CUST-000574,2022-01-01,Pro,Germany,Paid Ads
CUST-000575,2022-01-01,Pro,US,Organic
CUST-000576,2022-01-01,Enterprise,US,Paid Ads
CUST-000577,2022-01-01,Basic,US,Sales Team
CUST-000578,2022-01-01,Enterprise,UK,Paid Ads
CUST-000579,2022-01-01,Basic,UK,Organic
CUST-000580,2022-01-01,Basic,US,Paid Ads
CUST-000581,2022-01-01,Basic,US,Organic
CUST-000582,2022-01-01,Enterprise,US,Referral
CUST-000583,2022-01-01,Basic,US,Paid Ads
CUST-000584,2022-01-01,Basic,US,Paid Ads
CUST-000585,2022-01-01,Pro,Germany,Paid Ads
CUST-000586,2022-01-01,Basic,US,Paid Ads
CUST-000587,2022-01-01,Basic,UK,Organic
CUST-000588,2022-01-01,Basic,US,Paid Ads
CUST-000589,2022-01-01,Basic,US,Organic
CUST-000590,2022-01-01,Basic,UK,Referral
CUST-000591,2022-01-01,Basic,UK,Referral
CUST-000592,2022-01-01,Pro,Germany,Referral
CUST-000593,2022-01-01,Basic,US,Paid Ads
CUST-000594,2022-01-01,Basic,US,Paid Ads
CUST-000595,2022-01-01,Pro,UK,Organic
CUST-000596,2022-01-01,Basic,US,Referral
CUST-000597,2022-01-01,Pro,US,Organic
CUST-000598,2022-01-01,Basic,US,Paid Ads
CUST-000599,2022-01-01,Basic,US,Organic
CUST-000600,2022-01-01,Basic,Germany,Organic
CUST-000601,2022-01-01,Basic,US,Paid Ads
CUST-000602,2022-01-01,Basic,US,Organic
CUST-000603,2022-01-01,Basic,US,Referral
CUST-000604,2022-01-01,Basic,US,Organic
CUST-000605,2022-01-01,Basic,US,Organic
CUST-000606,2022-01-01,Basic,US,Paid Ads
CUST-000607,2022-01-01,Basic,US,Organic
CUST-000608,2022-01-01,Basic,Germany,Organic
CUST-000609,2022-01-01,Basic,US,Referral
CUST-000610,2022-01-01,Pro,US,Organic
CUST-000611,2022-01-01,Basic,Germany,Referral
CUST-000612,2022-01-01,Pro,UK,Organic
CUST-000613,2022-01-01,Pro,US,Organic
CUST-000614,2022-01-01,Basic,US,Referral
CUST-000615,2022-01-01,Pro,US,Organic
CUST-000616,2022-01-01,Enterprise,UK,Organic
CUST-000617,2022-01-01,Basic,Germany,Organic
CUST-000618,2022-01-01,Basic,UK,Organic
CUST-000619,2022-01-01,Pro,US,Referral
CUST-000620,2022-01-01,Pro,UK,Organic
CUST-000621,2022-01-01,Basic,US,Referral
CUST-000622,2022-01-01,Basic,US,Referral
CUST-000623,2022-01-01,Basic,US,Paid Ads
CUST-000624,2022-01-01,Basic,Germany,Sales Team
CUST-000625,2022-01-01,Pro,US,Organic
CUST-000626,2022-01-01,Basic,UK,Sales Team
CUST-000627,2022-01-01,Basic,US,Organic
CUST-000628,2022-01-01,Pro,US,Paid Ads
CUST-000629,2022-01-01,Basic,US,Paid Ads
CUST-000630,2022-01-01,Basic,US,Organic
CUST-000631,2022-01-01,Pro,UK,Paid Ads
CUST-000632,2022-01-01,Pro,US,Referral
CUST-000633,2022-01-01,Basic,UK,Organic
CUST-000634,2022-01-01,Basic,UK,Organic
CUST-000635,2022-01-01,Basic,Germany,Referral
CUST-000636,2022-01-01,Basic,US,Paid Ads
CUST-000637,2022-01-01,Basic,US,Sales Team
CUST-000638,2022-01-01,Basic,US,Referral
CUST-000639,2022-01-01,Basic,Germany,Sales Team
CUST-000640,2022-01-01,Basic,Germany,Referral
CUST-000641,2022-01-01,Basic,US,Organic
CUST-000642,2022-01-01,Basic,Germany,Organic
CUST-000643,2022-01-01,Basic,US,Referral
CUST-000644,2022-01-01,Basic,UK,Paid Ads
CUST-000645,2022-01-01,Basic,US,Organic
CUST-000646,2022-01-01,Pro,UK,Organic
CUST-000647,2022-01-01,Basic,US,Sales Team
CUST-000648,2022-01-01,Pro,Germany,Paid Ads
CUST-000649,2022-01-01,Pro,UK,Paid Ads
CUST-000650,2022-01-01,Basic,UK,Paid Ads
CUST-000651,2022-01-01,Basic,US,Organic
CUST-000652,2022-01-01,Basic,US,Organic
CUST-000653,2022-01-01,Basic,US,Organic
CUST-000654,2022-01-01,Pro,US,Organic
CUST-000655,2022-01-01,Basic,US,Referral
CUST-000656,2022-01-01,Basic,Germany,Paid Ads
CUST-000657,2022-01-01,Basic,US,Referral
CUST-000658,2022-01-01,Basic,US,Referral
CUST-000659,2022-01-01,Pro,US,Organic
CUST-000660,2022-01-01,Basic,US,Paid Ads
CUST-000661,2022-01-01,Basic,UK,Paid Ads
CUST-000662,2022-01-01,Enterprise,US,Referral
CUST-000663,2022-01-01,Pro,Germany,Organic
CUST-000664,2022-01-01,Basic,US,Paid Ads
CUST-000665,2022-01-01,Basic,Germany,Paid Ads
CUST-000666,2022-01-01,Basic,Germany,Organic
CUST-000667,2022-01-01,Basic,US,Organic
CUST-000668,2022-01-01,Basic,Germany,Paid Ads
CUST-000669,2022-01-01,Basic,US,Referral
CUST-000670,2022-01-01,Basic,Germany,Organic
CUST-000671,2022-01-01,Basic,US,Paid Ads
CUST-000672,2022-01-01,Pro,Germany,Organic
CUST-000673,2022-01-01,Basic,Germany,Referral
CUST-000674,2022-01-01,Basic,Germany,Organic
CUST-000675,2022-01-01,Basic,UK,Referral
CUST-000676,2022-01-01,Enterprise,US,Organic
CUST-000677,2022-01-01,Basic,US,Organic
CUST-000678,2022-01-01,Basic,US,Organic
CUST-000679,2022-01-01,Enterprise,US,Organic
CUST-000680,2022-01-01,Pro,UK,Paid Ads
CUST-000681,2022-01-01,Pro,US,Organic
CUST-000682,2022-01-01,Basic,Germany,Referral
CUST-000683,2022-01-01,Basic,UK,Organic
CUST-000684,2022-01-01,Pro,Germany,Organic
CUST-000685,2022-01-01,Enterprise,US,Organic
CUST-000686,2022-01-01,Basic,Germany,Organic
CUST-000687,2022-01-01,Basic,Germany,Organic
CUST-000688,2022-01-01,Basic,US,Paid Ads
CUST-000689,2022-01-01,Pro,UK,Paid Ads
CUST-000690,2022-01-01,Basic,UK,Paid Ads
CUST-000691,2022-01-01,Basic,US,Paid Ads
CUST-000692,2022-01-01,Basic,US,Paid Ads
CUST-000693,2022-01-01,Basic,US,Organic
CUST-000694,2022-01-01,Basic,US,Paid Ads
CUST-000695,2022-01-01,Basic,US,Sales Team
CUST-000696,2022-01-01,Pro,US,Paid Ads
CUST-000697,2022-01-01,Basic,US,Paid Ads
CUST-000698,2022-01-01,Basic,US,Organic
CUST-000699,2022-01-01,Basic,Germany,Referral
CUST-000700,2022-01-01,Basic,US,Referral
CUST-000701,2022-01-01,Basic,Germany,Paid Ads
CUST-000702,2022-01-01,Basic,US,Sales Team
CUST-000703,2022-01-01,Basic,US,Organic
CUST-000704,2022-01-01,Basic,US,Organic
CUST-000705,2022-01-01,Basic,US,Referral
CUST-000706,2022-01-01,Enterprise,US,Referral
CUST-000707,2022-01-01,Basic,UK,Organic
CUST-000708,2022-01-01,Pro,US,Organic
CUST-000709,2022-01-01,Basic,UK,Organic
CUST-000710,2022-01-01,Pro,UK,Organic
CUST-000711,2022-01-01,Pro,US,Referral
CUST-000712,2022-01-01,Basic,US,Paid Ads
CUST-000713,2022-01-01,Basic,UK,Organic
CUST-000714,2022-01-01,Basic,US,Organic
CUST-000715,2022-01-01,Basic,US,Organic
CUST-000716,2022-01-01,Enterprise,Germany,Organic
CUST-000717,2022-01-01,Pro,US,Paid Ads
CUST-000718,2022-01-01,Enterprise,UK,Sales Team
CUST-000719,2022-01-01,Basic,Germany,Referral
CUST-000720,2022-01-01,Pro,US,Organic
CUST-000721,2022-01-01,Enterprise,US,Referral
CUST-000722,2022-01-01,Basic,US,Referral
CUST-000723,2022-01-01,Basic,US,Referral
CUST-000724,2022-01-01,Pro,US,Paid Ads
CUST-000725,2022-01-01,Basic,UK,Organic
CUST-000726,2022-01-01,Pro,US,Organic
CUST-000727,2022-01-01,Basic,US,Organic
CUST-000728,2022-01-01,Pro,Germany,Organic
CUST-000729,2022-01-01,Basic,Germany,Organic
CUST-000730,2022-01-01,Basic,UK,Paid Ads
CUST-000731,2022-01-01,Basic,US,Referral
CUST-000732,2022-01-01,Pro,UK,Paid Ads
CUST-000733,2022-01-01,Pro,US,Organic
CUST-000734,2022-01-01,Basic,US,Sales Team
CUST-000735,2022-01-01,Basic,US,Sales Team
CUST-000736,2022-01-01,Pro,Germany,Referral
CUST-000737,2022-01-01,Basic,US,Sales Team
CUST-000738,2022-01-01,Pro,US,Paid Ads
CUST-000739,2022-01-01,Basic,US,Sales Team
CUST-000740,2022-01-01,Basic,US,Organic
CUST-000741,2022-01-01,Basic,Germany,Organic
CUST-000742,2022-01-01,Basic,UK,Organic
CUST-000743,2022-01-01,Pro,UK,Organic
CUST-000744,2022-01-01,Basic,US,Organic
CUST-000745,2022-01-01,Basic,US,Paid Ads
CUST-000746,2022-01-01,Pro,US,Referral
CUST-000747,2022-01-01,Basic,US,Paid Ads
CUST-000748,2022-01-01,Basic,US,Organic
CUST-000749,2022-01-01,Enterprise,UK,Referral
CUST-000750,2022-01-01,Pro,US,Paid Ads
CUST-000751,2022-01-01,Basic,US,Organic
CUST-000752,2022-01-01,Enterprise,US,Paid Ads
CUST-000753,2022-01-01,Pro,US,Organic
CUST-000754,2022-01-01,Basic,US,Organic
CUST-000755,2022-01-01,Basic,Germany,Sales Team
CUST-000756,2022-01-01,Pro,Germany,Organic
CUST-000757,2022-01-01,Pro,Germany,Paid Ads
CUST-000758,2022-01-01,Basic,US,Referral
CUST-000759,2022-01-01,Pro,US,Referral
CUST-000760,2022-01-01,Pro,US,Organic
CUST-000761,2022-01-01,Basic,US,Organic
CUST-000762,2022-01-01,Basic,Germany,Organic
CUST-000763,2022-01-01,Basic,US,Paid Ads
CUST-000764,2022-01-01,Pro,US,Paid Ads
CUST-000765,2022-01-01,Basic,US,Organic
CUST-000766,2022-01-01,Basic,US,Sales Team
CUST-000767,2022-01-01,Pro,UK,Paid Ads
CUST-000768,2022-01-01,Pro,US,Organic
CUST-000769,2022-01-01,Basic,US,Paid Ads
CUST-000770,2022-01-01,Pro,US,Paid Ads
CUST-000771,2022-01-01,Basic,US,Organic
CUST-000772,2022-01-01,Pro,UK,Organic
CUST-000773,2022-01-01,Basic,Germany,Referral
CUST-000774,2022-01-01,Basic,Germany,Paid Ads
CUST-000775,2022-01-01,Pro,UK,Paid Ads
CUST-000776,2022-01-01,Basic,US,Paid Ads
CUST-000777,2022-01-01,Basic,UK,Organic
CUST-000778,2022-01-01,Pro,US,Organic
CUST-000779,2022-01-01,Pro,US,Paid Ads
CUST-000780,2022-01-01,Pro,Germany,Organic
CUST-000781,2022-01-01,Pro,US,Organic
CUST-000782,2022-01-01,Basic,Germany,Referral
CUST-000783,2022-01-01,Basic,US,Sales Team
CUST-000784,2022-01-01,Basic,UK,Referral
CUST-000785,2022-01-01,Basic,UK,Referral
CUST-000786,2022-01-01,Enterprise,Germany,Organic
CUST-000787,2022-01-01,Basic,UK,Sales Team
CUST-000788,2022-01-01,Basic,UK,Organic
CUST-000789,2022-01-01,Basic,US,Sales Team
CUST-000790,2022-01-01,Enterprise,US,Sales Team
CUST-000791,2022-01-01,Basic,US,Referral
CUST-000792,2022-01-01,Basic,UK,Sales Team
CUST-000793,2022-01-01,Basic,US,Paid Ads
CUST-000794,2022-01-01,Pro,UK,Organic
CUST-000795,2022-01-01,Basic,US,Paid Ads
CUST-000796,2022-01-01,Pro,US,Paid Ads
CUST-000797,2022-01-01,Enterprise,UK,Organic
CUST-000798,2022-01-01,Basic,US,Paid Ads
CUST-000799,2022-01-01,Pro,US,Sales Team
CUST-000800,2022-01-01,Enterprise,US,Organic
CUST-000801,2022-01-01,Pro,Germany,Referral
CUST-000802,2022-01-01,Basic,UK,Sales Team
CUST-000803,2022-01-01,Basic,US,Sales Team
CUST-000804,2022-01-01,Pro,US,Sales Team
CUST-000805,2022-01-01,Basic,US,Paid Ads
CUST-000806,2022-01-01,Pro,UK,Sales Team
CUST-000807,2022-01-01,Enterprise,UK,Referral
CUST-000808,2022-01-01,Enterprise,US,Organic
CUST-000809,2022-01-01,Basic,US,Paid Ads
CUST-000810,2022-01-01,Basic,US,Referral
CUST-000811,2022-01-01,Enterprise,UK,Organic
CUST-000812,2022-01-01,Pro,UK,Paid Ads
CUST-000813,2022-01-01,Basic,US,Paid Ads
CUST-000814,2022-01-01,Enterprise,US,Organic
CUST-000815,2022-01-01,Pro,US,Paid Ads
CUST-000816,2022-01-01,Basic,Germany,Referral
CUST-000817,2022-01-01,Basic,US,Paid Ads
CUST-000818,2022-01-01,Basic,UK,Organic
CUST-000819,2022-01-01,Basic,UK,Organic
CUST-000820,2022-01-01,Basic,US,Organic
CUST-000821,2022-01-01,Pro,US,Sales Team
CUST-000822,2022-01-01,Basic,US,Organic
CUST-000823,2022-01-01,Basic,UK,Paid Ads
CUST-000824,2022-01-01,Basic,UK,Organic
CUST-000825,2022-01-01,Basic,UK,Organic
CUST-000826,2022-01-01,Enterprise,US,Referral
CUST-000827,2022-01-01,Basic,US,Referral
CUST-000828,2022-01-01,Basic,Germany,Organic
CUST-000829,2022-01-01,Pro,UK,Paid Ads
CUST-000830,2022-01-01,Basic,US,Organic
CUST-000831,2022-01-01,Basic,Germany,Paid Ads
CUST-000832,2022-01-01,Basic,UK,Paid Ads
CUST-000833,2022-01-01,Basic,US,Organic
CUST-000834,2022-01-01,Basic,UK,Organic
CUST-000835,2022-01-01,Basic,Germany,Organic
CUST-000836,2022-01-01,Basic,UK,Sales Team
CUST-000837,2022-01-01,Enterprise,US,Sales Team
CUST-000838,2022-01-01,Basic,US,Organic
CUST-000839,2022-01-01,Basic,Germany,Referral
CUST-000840,2022-01-01,Pro,US,Organic
CUST-000841,2022-01-01,Basic,US,Organic
CUST-000842,2022-01-01,Pro,US,Referral
CUST-000843,2022-01-01,Basic,US,Sales Team
CUST-000844,2022-01-01,Enterprise,UK,Sales Team
CUST-000845,2022-01-01,Basic,Germany,Paid Ads
CUST-000846,2022-01-01,Basic,US,Organic
CUST-000847,2022-01-01,Basic,US,Referral
CUST-000848,2022-01-01,Enterprise,US,Organic
CUST-000849,2022-01-01,Basic,Germany,Paid Ads
CUST-000850,2022-01-01,Basic,UK,Organic
CUST-000851,2022-01-01,Basic,US,Paid Ads
CUST-000852,2022-01-01,Pro,Germany,Organic
CUST-000853,2022-01-01,Basic,Germany,Organic
CUST-000854,2022-01-01,Pro,Germany,Sales Team
CUST-000855,2022-01-01,Basic,Germany,Organic
CUST-000856,2022-01-01,Basic,US,Paid Ads
CUST-000857,2022-01-01,Basic,UK,Organic
CUST-000858,2022-01-01,Basic,US,Organic
CUST-000859,2022-01-01,Basic,Germany,Organic
CUST-000860,2022-01-01,Basic,UK,Organic
CUST-000861,2022-01-01,Pro,UK,Referral
CUST-000862,2022-01-01,Basic,UK,Organic
CUST-000863,2022-01-01,Basic,US,Sales Team
CUST-000864,2022-01-01,Basic,US,Paid Ads
CUST-000865,2022-01-01,Basic,Germany,Paid Ads
CUST-000866,2022-01-01,Basic,Germany,Paid Ads
CUST-000867,2022-01-01,Basic,US,Paid Ads
CUST-000868,2022-01-01,Basic,US,Referral
CUST-000869,2022-01-01,Pro,US,Organic
CUST-000870,2022-01-01,Enterprise,UK,Organic
CUST-000871,2022-01-01,Basic,Germany,Referral
CUST-000872,2022-01-01,Basic,US,Sales Team
CUST-000873,2022-01-01,Pro,US,Referral
CUST-000874,2022-01-01,Basic,Germany,Paid Ads
CUST-000875,2022-01-01,Basic,UK,Referral
CUST-000876,2022-01-01,Basic,US,Paid Ads
CUST-000877,2022-01-01,Pro,US,Paid Ads
CUST-000878,2022-01-01,Pro,US,Organic
CUST-000879,2022-01-01,Basic,US,Paid Ads
CUST-000880,2022-01-01,Basic,US,Organic
CUST-000881,2022-01-01,Basic,UK,Organic
CUST-000882,2022-01-01,Pro,Germany,Referral
CUST-000883,2022-01-01,Basic,UK,Organic
CUST-000884,2022-01-01,Basic,UK,Organic
CUST-000885,2022-01-01,Pro,US,Organic
CUST-000886,2022-01-01,Basic,US,Sales Team
CUST-000887,2022-01-01,Pro,US,Paid Ads
CUST-000888,2022-01-01,Basic,US,Paid Ads
CUST-000889,2022-01-01,Basic,UK,Referral
CUST-000890,2022-01-01,Basic,Germany,Referral
CUST-000891,2022-01-01,Pro,US,Organic
CUST-000892,2022-01-01,Pro,US,Paid Ads
CUST-000893,2022-01-01,Pro,Germany,Referral
CUST-000894,2022-01-01,Basic,US,Paid Ads
CUST-000895,2022-01-01,Pro,US,Organic
CUST-000896,2022-01-01,Basic,UK,Referral
CUST-000897,2022-01-01,Basic,UK,Paid Ads
CUST-000898,2022-01-01,Pro,US,Organic
CUST-000899,2022-01-01,Basic,US,Paid Ads
CUST-000900,2022-01-01,Basic,UK,Organic
CUST-000901,2022-01-01,Basic,US,Organic
CUST-000902,2022-01-01,Basic,US,Referral
CUST-000903,2022-01-01,Basic,UK,Organic
CUST-000904,2022-01-01,Basic,US,Paid Ads
CUST-000905,2022-01-01,Basic,UK,Paid Ads
CUST-000906,2022-01-01,Pro,US,Organic
CUST-000907,2022-01-01,Pro,Germany,Sales Team
CUST-000908,2022-01-01,Basic,US,Organic
CUST-000909,2022-01-01,Basic,US,Organic
CUST-000910,2022-01-01,Basic,US,Organic
CUST-000911,2022-01-01,Basic,US,Organic
CUST-000912,2022-01-01,Basic,Germany,Organic
CUST-000913,2022-01-01,Pro,Germany,Referral
CUST-000914,2022-01-01,Basic,US,Sales Team
CUST-000915,2022-01-01,Basic,US,Organic
CUST-000916,2022-01-01,Basic,UK,Paid Ads
CUST-000917,2022-01-01,Basic,Germany,Referral
CUST-000918,2022-01-01,Enterprise,US,Referral
CUST-000919,2022-01-01,Pro,US,Paid Ads
CUST-000920,2022-01-01,Basic,US,Organic
CUST-000921,2022-01-01,Pro,UK,Organic
CUST-000922,2022-01-01,Basic,US,Referral
CUST-000923,2022-01-01,Pro,UK,Referral
CUST-000924,2022-01-01,Pro,US,Organic
CUST-000925,2022-01-01,Basic,UK,Organic
CUST-000926,2022-01-01,Basic,US,Sales Team
CUST-000927,2022-01-01,Basic,US,Referral
CUST-000928,2022-01-01,Basic,US,Sales Team
CUST-000929,2022-01-01,Pro,UK,Referral
CUST-000930,2022-01-01,Basic,US,Organic
CUST-000931,2022-01-01,Basic,US,Paid Ads
CUST-000932,2022-01-01,Pro,US,Paid Ads
CUST-000933,2022-01-01,Enterprise,US,Organic
CUST-000934,2022-01-01,Basic,UK,Paid Ads
CUST-000935,2022-01-01,Basic,UK,Referral
CUST-000936,2022-01-01,Basic,Germany,Organic
CUST-000937,2022-01-01,Basic,US,Referral
CUST-000938,2022-01-01,Enterprise,Germany,Paid Ads
CUST-000939,2022-01-01,Basic,US,Sales Team
CUST-000940,2022-01-01,Basic,US,Organic
CUST-000941,2022-01-01,Basic,US,Organic
CUST-000942,2022-01-01,Basic,US,Paid Ads
CUST-000943,2022-01-01,Pro,UK,Organic
CUST-000944,2022-01-01,Pro,UK,Referral
CUST-000945,2022-01-01,Basic,UK,Referral
CUST-000946,2022-01-01,Basic,US,Organic
CUST-000947,2022-01-01,Basic,US,Paid Ads
CUST-000948,2022-01-01,Enterprise,US,Paid Ads
CUST-000949,2022-01-01,Pro,US,Organic
CUST-000950,2022-01-01,Basic,US,Sales Team
CUST-000951,2022-01-01,Pro,US,Referral
CUST-000952,2022-01-01,Pro,US,Paid Ads
CUST-000953,2022-01-01,Basic,US,Referral
CUST-000954,2022-01-01,Enterprise,UK,Paid Ads
CUST-000955,2022-01-01,Basic,Germany,Sales Team
CUST-000956,2022-01-01,Basic,Germany,Paid Ads
CUST-000957,2022-01-01,Basic,UK,Referral
CUST-000958,2022-01-01,Basic,US,Referral
CUST-000959,2022-01-01,Basic,UK,Organic
CUST-000960,2022-01-01,Pro,UK,Referral
CUST-000961,2022-01-01,Basic,US,Organic
CUST-000962,2022-01-01,Pro,US,Organic
CUST-000963,2022-01-01,Basic,Germany,Organic
CUST-000964,2022-01-01,Basic,US,Sales Team
CUST-000965,2022-01-01,Basic,US,Referral
CUST-000966,2022-01-01,Basic,US,Referral
CUST-000967,2022-01-01,Pro,US,Referral
CUST-000968,2022-01-01,Basic,US,Paid Ads
CUST-000969,2022-01-01,Basic,US,Sales Team
CUST-000970,2022-01-01,Basic,US,Paid Ads
CUST-000971,2022-01-01,Pro,US,Organic
CUST-000972,2022-01-01,Enterprise,Germany,Organic
CUST-000973,2022-01-01,Pro,US,Referral
CUST-000974,2022-01-01,Basic,US,Referral
CUST-000975,2022-01-01,Basic,US,Organic
CUST-000976,2022-01-01,Basic,Germany,Organic
CUST-000977,2022-01-01,Basic,US,Referral
CUST-000978,2022-01-01,Basic,US,Organic
CUST-000979,2022-01-01,Basic,Germany,Referral
CUST-000980,2022-01-01,Basic,Germany,Sales Team
CUST-000981,2022-01-01,Basic,US,Paid Ads
CUST-000982,2022-01-01,Pro,Germany,Organic
CUST-000983,2022-01-01,Basic,US,Referral
CUST-000984,2022-01-01,Basic,US,Referral
CUST-000985,2022-01-01,Pro,US,Paid Ads
CUST-000986,2022-01-01,Basic,US,Sales Team
CUST-000987,2022-01-01,Pro,UK,Organic
CUST-000988,2022-01-01,Basic,US,Paid Ads
CUST-000989,2022-01-01,Basic,US,Referral
CUST-000990,2022-01-01,Pro,UK,Referral
CUST-000991,2022-01-01,Pro,UK,Organic
CUST-000992,2022-01-01,Pro,US,Referral
CUST-000993,2022-01-01,Basic,UK,Paid Ads
CUST-000994,2022-01-01,Basic,US,Organic
CUST-000995,2022-01-01,Basic,UK,Organic
CUST-000996,2022-01-01,Basic,UK,Referral
CUST-000997,2022-01-01,Enterprise,Germany,Organic
CUST-000998,2022-01-01,Basic,US,Organic
CUST-000999,2022-01-01,Enterprise,US,Organic
CUST-001000,2022-01-01,Basic,US,Referral
